<rdmtree><version>1.02</version>
<node>
  <name>.</name>
  <permanent/><add/><get/><replace/>
  <acl>Replace=*&amp;Add=*&amp;Delete=*&amp;Get=*&amp;Exec=*</acl>
  <node>
      <name>Ext</name>
    <get/>
    <node>
      <name>Interior</name>
      <add/><delete/><exec/>
                  </node>
    <leaf>
      <name>LastSessionID</name>
      <value>5A</value>
    </leaf>
    <leaf>
      <name>MinServerAuth</name>
      <get/>
      <format>chr</format>
      <value>BASIC</value>
    </leaf>
  </node>
  <node>
    <name>FUMO</name>
    <get/>
    <acl>Add=*&amp;Delete=*&amp;Exec=*&amp;Get=*&amp;Replace=*</acl>
    <node>
      <name>FirmwareUpdate</name>
      <add/><exec/><get/><replace/>
      <type>urn:oma:mo:oma-fumo:1.0</type>
      <leaf>
        <name>State</name>
        <get/><replace/>
        <format>int</format>
        <value>60</value>
      </leaf>
      <node>
        <name>DownloadAndUpdate</name>
        <exec/><get/>
        <leaf>
          <name>PkgURL</name>
          <get/><replace/>
          <format>chr</format>
          <value></value>
        </leaf>
      </node>
      <node>
        <name>Update</name>
        <exec/><get/><replace/>
        <leaf>
          <name>PkgData</name>
          <get/><replace/>
          <format>bin</format>
        </leaf>
      </node>
      <node>
        <name>Download</name>
        <exec/><get/>
        <leaf>
          <name>PkgURL</name>
          <get/><replace/>
          <format>chr</format>
          <value>http://update-package-location</value>
        </leaf>
      </node>
      <leaf>
        <name>PkgVersion</name>
        <get/><replace/>
        <format>chr</format>
        <value>8</value>
      </leaf>
      <leaf>
        <name>PkgName</name>
        <get/><replace/>
        <format>chr</format>
        <value>1.1 to 1.8</value>
      </leaf>
    </node>
  </node>
  <node>
    <name>Con</name>
    <get/><replace/>
  </node>
  <node>
    <name>DMAcc</name>
    <permanent/><get/>
    <node>
      <name>synchronica</name>
      <add/><copy/><delete/><get/><replace/>
      <node>
        <name>AppAddr</name>
        <add/><copy/><delete/><get/><replace/>
        <node>
          <name>APPSRV</name>
          <add/><copy/><delete/><get/><replace/>
          <leaf>
            <name>Addr</name>
            <copy/><delete/><get/><replace/>
            <value>http://218.206.176.97:7001</value>
          </leaf>
          <node>
            <name>Port</name>
            <add/><copy/><delete/><get/><replace/>
            <node>
              <name>Port</name>
              <add/><copy/><delete/><get/><replace/>
              <leaf>
                <name>PortNbr</name>
                <copy/><delete/><get/><replace/>
                <value>7001</value>
              </leaf>
            </node>
          </node>
          <leaf>
            <name>AddrType</name>
            <copy/><delete/><get/><replace/>
            <value>URI</value>
          </leaf>
        </node>
      </node>
      <node>
        <name>AppAuth</name>
        <add/><copy/><delete/><get/><replace/>
        <node>
          <name>APPSRV</name>
          <add/><copy/><delete/><get/><replace/>
          <leaf>
            <name>AAuthData</name>
            <copy/><delete/><get/><replace/>
            <format>bin</format>
            <value>MTEx</value>
          </leaf>
          <leaf>
            <name>AAuthSecret</name>
            <copy/><delete/><get/><replace/>
            <value>mvpdm</value>
          </leaf>
          <leaf>
            <name>AAuthType</name>
            <copy/><delete/><get/><replace/>
            <value>syncml:auth-MD5</value>
          </leaf>
          <leaf>
            <name>AAuthName</name>
            <copy/><delete/><get/><replace/>
            <value>OMADM</value>
          </leaf>
          <leaf>
            <name>AAuthLevel</name>
            <copy/><delete/><get/><replace/>
            <value>SRVCRED</value>
          </leaf>
        </node>
        <node>
          <name>CLIENT</name>
          <add/><copy/><delete/><get/><replace/>
          <leaf>
            <name>AAuthData</name>
            <copy/><delete/><get/><replace/>
            <format>bin</format>
            <value>MTEx</value>
          </leaf>
          <leaf>
            <name>AAuthSecret</name>
            <copy/><delete/><get/><replace/>
            <value>mvpdm</value>
          </leaf>
          <leaf>
            <name>AAuthType</name>
            <copy/><delete/><get/><replace/>
            <value>syncml:auth-MD5</value>
          </leaf>
          <leaf>
            <name>AAuthName</name>
            <copy/><delete/><get/><replace/>
            <value>mvpdm</value>
          </leaf>
          <leaf>
            <name>AAuthLevel</name>
            <copy/><delete/><get/><replace/>
            <value>CLCRED</value>
          </leaf>
        </node>
      </node>
      <leaf>
        <name>Name</name>
        <copy/><delete/><get/><replace/>
        <value>synchronica</value>
      </leaf>
      <leaf>
        <name>ServerID</name>
        <copy/><delete/><get/><replace/>
        <value>OMADM</value>
      </leaf>
    </node>
  </node>
  <node>
    <name>DevDetail</name>
    <acl>Add=*&amp;Delete=*&amp;Exec=*&amp;Get=*&amp;Replace=*</acl><get/>
    <node>
      <name>URI</name>
      <get/>
      <leaf>
        <name>MaxSegLen</name>
        <get/>
        <format>chr</format>
        <value>31</value>
      </leaf>
      <leaf>
        <name>MaxTotLen</name>
        <get/>
        <format>chr</format>
        <value>255</value>
      </leaf>
      <leaf>
        <name>MaxDepth</name>
        <get/>
        <format>chr</format>
        <value>16</value>
      </leaf>
    </node>
    <leaf>
      <name>SwV</name>
      <get/>
      <format>chr</format>
      <value>U700V1.0.0B01</value>
    </leaf>
    <leaf>
      <name>OEM</name>
      <get/>
      <format>chr</format>
      <value>manufacturer</value>
    </leaf>
    <leaf>
      <name>LrgObj</name>
      <get/>
      <format>chr</format>
      <value>true</value>
    </leaf>
    <leaf>
      <name>HwV</name>
      <get/>
      <format>chr</format>
      <value>ARMxxxx</value>
    </leaf>
    <leaf>
      <name>FwV</name>
      <get/>
      <format>chr</format>
    </leaf>
    <leaf>
      <name>DevTyp</name>
      <get/>
      <format>chr</format>
      <value>Device</value>
    </leaf>
    <node>
      <name>Ext</name>
      <add/><get/>
      <node>
      <name>FUMO</name>
      <add/><exec/><get/><replace/>
      <type>urn:oma:mo:oma-fumo:1.0</type>
      <leaf>
        <name>State</name>
        <get/><replace/>
        <format>int</format>
        <value>60</value>
      </leaf>
      <node>
        <name>DownloadAndUpdate</name>
        <exec/><get/>
        <leaf>
          <name>PkgURL</name>
          <get/><replace/>
          <format>chr</format>
          <value></value>
        </leaf>
      </node>
      <node>
        <name>Update</name>
        <exec/><get/><replace/>
        <leaf>
          <name>PkgData</name>
          <get/><replace/>
          <format>bin</format>
        </leaf>
      </node>
      <node>
        <name>Download</name>
        <exec/><get/>
        <leaf>
          <name>PkgURL</name>
          <get/><replace/>
          <format>chr</format>
          <value>http://update-package-location</value>
        </leaf>
      </node>
      <leaf>
        <name>PkgVersion</name>
        <get/><replace/>
        <format>chr</format>
        <value>8</value>
      </leaf>
      <leaf>
        <name>PkgName</name>
        <get/><replace/>
        <format>chr</format>
        <value>1.1 to 1.8</value>
      </leaf>
    </node>
    </node>
  </node>
  <node>
    <name>DevInfo</name>
    <get/>
    <leaf>
      <name>Mod</name>
      <get/>
      <format>chr</format>
      <value>F103</value>
    </leaf>
    <leaf>
      <name>Man</name>
      <get/>
      <format>chr</format>
      <value>ZTE</value>
    </leaf>
    <leaf>
      <name>Lang</name>
      <get/>
      <format>chr</format>
      <value>EN</value>
    </leaf>
    <leaf>
      <name>DmV</name>
      <get/>
      <format>chr</format>
      <value>1.2</value>
    </leaf>
    <leaf>
      <name>DevId</name>
      <get/>
      <format>chr</format>
      <value>IMEI:000039485642710</value>
    </leaf>
  </node>
  <node>
    <name>SCOMO</name>
    <add/><copy/><delete/><exec/><get/><replace/>
    <node>
      <name>Inventory</name>
      <add/><copy/><delete/><exec/><get/><replace/>
      <node>
        <name>Deployed</name>
		<acl>Add=*&amp;Delete=*&amp;Exec=*&amp;Get=*&amp;Replace=*</acl>
        <add/><copy/><delete/><exec/><get/><replace/>
      </node>
      <node>
        <name>Delivered</name>
		<acl>Add=*&amp;Delete=*&amp;Exec=*&amp;Get=*&amp;Replace=*</acl>
        <add/><copy/><delete/><exec/><get/><replace/>
      </node>
    </node>
    <node>
		<name>Download</name>
		 <add/><copy/><delete/><exec/><get/><replace/>
		 <acl>Add=*&amp;Delete=*&amp;Exec=*&amp;Get=*&amp;Replace=*</acl>
      <node>
        <name>CMCCSCM</name>
		     <acl>Add=*&amp;Delete=*&amp;Exec=*&amp;Get=*&amp;Replace=*</acl>
         <add/><copy/><delete/><exec/><get/><replace/>
        <leaf>
			<name>Status</name>
			<get/><replace/>
			<format>int</format>
			<value>10</value>
        </leaf>
        <leaf>
			<name>PkgID</name>
			<get/><replace/>
			<format>int</format>
			<value>10</value>
        </leaf>
        <leaf>
			<name>PkgURL</name>
			<get/><replace/>
			<format>chr</format>
			<value>http://212.143.186.115:8080/SCOMO/efdtmp_mast3_greenphone_1221465947263.dd</value>
        </leaf>
        <node>
			<name>Operations</name>
			<exec/><get/><replace/>
          <node>
            <name>DownloadInstall</name>
            <add/><copy/><delete/><exec/><get/><replace/>
          </node>
        </node>
      </node>
    </node>
  </node>
  <node>
    <name>TerminalSecurity</name>
    <add/><copy/><delete/><exec/><get/><replace/>
    <acl>Add=*&amp;Delete=*&amp;Exec=*&amp;Get=*&amp;Replace=*</acl>
    <type>urn:oma:mo:oma-lawmo:1.0</type>
    <leaf>
      <name>State</name>
      <copy/><get/><replace/>
      <format>int</format>
      <value>30</value>
    </leaf>
    <node>
      <name>Operations</name>
      <add/><copy/><delete/><exec/><get/><replace/>
      <node>
        <name>PartiallyLock</name>
        <add/><copy/><delete/><exec/><get/><replace/>
        <acl>Add=*&amp;Delete=*&amp;Get=*&amp;Exec=*&amp;Replace=*</acl>
      </node>
      <node>
        <name>Unlock</name>
        <add/><copy/><delete/><exec/><get/><replace/>
        <acl>Add=*&amp;Delete=*&amp;Get=*&amp;Exec=*&amp;Replace=*</acl>
      </node>
      <node>
        <name>FactoryReset</name>
        <add/><copy/><delete/><exec/><get/><replace/>
        <acl>Add=*&amp;Delete=*&amp;Get=*&amp;Exec=*&amp;Replace=*</acl>
      </node>
    </node>
  </node>
  <node>
    <name>Settings</name>
    <get/>
    <node>
	    <name>DM</name>
	    <get/>
	    <leaf>
	      <name>APN</name>
	      <get/><replace/>
	      <format>chr</format>
	    </leaf>
	    <leaf>
	      <name>Proxy</name>
	      <get/><replace/>
	      <format>chr</format>
	    </leaf>
	    <leaf>
	      <name>Port</name>
	      <get/><replace/>
	      <format>chr</format>
	    </leaf>
	</node>
	<node>
	    <name>WAP</name>
	    <get/>
	    <leaf>
	      <name>HomePage</name>
	      <get/><replace/>
	      <format>chr</format>
	    </leaf>
	</node>
	<node>
	    <name>GPRS</name>
	    <get/>
	    <leaf>
	      <name>APN</name>
	      <get/><replace/>
	      <format>chr</format>
	    </leaf>
	    <leaf>
	      <name>Proxy</name>
	      <get/><replace/>
	      <format>chr</format>
	    </leaf>
	    <leaf>
	      <name>Port</name>
	      <get/><replace/>
	      <format>chr</format>
	    </leaf>
	</node>
    <node>
	    <name>MMS</name>
	    <get/>
	    <leaf>
	      <name>MMSC</name>
	      <get/><replace/>
	      <format>chr</format>
	    </leaf>
	</node>
	<node>
	    <name>Streaming</name>
	    <get/>
	    <leaf>
	      <name>MAX-UDP-PORT</name>
	      <get/><replace/>
	      <format>chr</format>
	    </leaf>
	    <leaf>
	      <name>MIN-UDP-PORT</name>
	      <get/><replace/>
	      <format>chr</format>
	    </leaf>
	    <leaf>
	      <name>To-NapID</name>
	      <get/><replace/>
	      <format>chr</format>
	    </leaf>
	</node>
	<node>
	    <name>PIM</name>
	    <get/>
	    <leaf>
	      <name>SerAddr</name>
	      <get/><replace/>
	      <format>chr</format>
	    </leaf>
	    <leaf>
	      <name>AddressBookURI</name>
	      <get/><replace/>
	      <format>chr</format>
	    </leaf>
	</node>
	<node>
	    <name>AGPS</name>
	    <get/>
	    <leaf>
	      <name>Server</name>
	      <get/><replace/>
	      <format>chr</format>
	    </leaf>
	</node>
  </node>
</node>
</rdmtree>
